{"graph_0": {"_type": "graph-file", "path": "media/graph/graph_0_summary_b9ad27c1ac349a08a03a.graph.json", "sha256": "b9ad27c1ac349a08a03a9c45bcad2586bd2dc989a8b594a84f54529648691eb7", "size": 1090}, "train_loss_epoch": 1.1663545370101929, "epoch": 0, "trainer/global_step": 7, "_runtime": 28, "_timestamp": 1648828835, "_step": 2, "val_loss": 0.9715513586997986, "test_loss": 0.9588145613670349, "rmse": 65.12000274658203}