{"graph_0": {"_type": "graph-file", "path": "media/graph/graph_0_summary_07cd9f198347cb9d7b00.graph.json", "sha256": "07cd9f198347cb9d7b00bdf298def3e4ee2d499407e850eeb53298655d5ad5b8", "size": 1090}, "train_loss_epoch": 1.0574548244476318, "epoch": 0, "trainer/global_step": 7, "_runtime": 30, "_timestamp": 1648828837, "_step": 2, "val_loss": 0.7901977896690369, "test_loss": 0.667204737663269, "rmse": 54.31999969482422}